{"templates":["c7fae5d4559714363e3c0d15af521e05c386ce67"],"oligo":{"state":"MONOMER","based_on":"prediction","predicted_qs":0.0},"residue_range":[{"chain_name":"A","residue_from":"2","residue_to":"264"}],"lddt_ca":null,"gdt_ha":null,"pred_lddt":0.7030000091,"gdt_ts":null,"lddt":null,"ligands":[{"description":"1,2-ETHANEDIOL","number":"1","reason":{"sterically_valid":false,"conserved_residues":false,"relevant":false,"bound":true},"included":false,"model_binding_residues":[],"name":["EDO"]}],"mod_engine":"PROMOD"}